id_user;computador_pessoal;gosto_jogos;frequencia_jogos;gosto_jogos_aventura;gosto_jogos_luta_acao;gosto_jogos_rpg;gosto_jogos_puzzle;gosto_jogos_esporte;ja_jogou_rpg_eletronico;ja_jogou_rpg_mesa;sexo;ano_nascimento;estado_civil;filhos
1060;1;1;1;1;1;1;1;1;1;1;2;2022;2;2
1062;2;1;1;1;1;1;1;1;1;2;1;2020;1;2
1150;3;2;2;2;5;2;2;5;1;1;1;1998;1;2
1159;3;3;2;1;1;1;3;5;2;1;1;1998;1;2
1162;1;3;4;3;4;5;4;5;4;4;2;1996;1;2
1168;1;4;4;3;4;5;2;4;4;4;2;1990;1;2
1177;3;5;5;5;5;5;5;5;5;5;2;1997;1;2
1182;1;5;5;5;5;5;5;5;4;4;2;1998;1;2
1185;1;1;4;1;1;1;1;1;2;2;1;1998;1;2
1191;1;1;2;1;1;1;1;5;1;1;2;1996;1;2
1216;1;2;3;5;2;1;4;1;2;4;1;1996;1;2
1226;3;5;5;4;4;4;4;4;4;4;2;1995;1;2
1234;1;2;3;2;2;2;3;2;2;4;1;1998;1;2
1240;1;4;4;2;5;5;2;5;4;1;2;1996;5;2
1247;1;1;1;1;2;3;3;1;1;4;1;1997;1;2
1274;1;1;2;1;2;1;3;2;1;4;1;1996;1;2
1294;1;3;4;4;1;3;3;1;2;4;1;1996;1;2
1297;1;5;5;3;3;3;2;3;4;4;2;1997;1;2
1331;1;2;1;1;2;2;1;3;4;4;2;1996;1;2
1338;1;2;4;2;2;2;2;2;2;3;1;1995;1;1
1373;1;2;4;2;2;2;2;2;2;3;1;1997;5;2
1384;1;1;3;1;3;2;1;1;3;4;2;1995;1;2
1460;1;3;3;2;1;2;2;4;3;4;1;1996;1;2
1509;1;4;5;4;4;4;4;4;5;5;2;1998;1;2
1551;1;1;3;2;2;1;2;1;1;4;1;1997;1;2
1607;1;2;5;2;3;4;3;5;5;5;2;1995;1;2
1634;1;5;5;5;5;5;5;5;4;4;2;1994;1;2
1701;1;2;3;2;2;5;1;4;4;4;2;1995;1;2
1703;1;5;5;5;5;5;4;5;4;4;2;1988;4;2
1790;1;2;3;3;2;2;4;1;2;4;1;1997;1;2
1911;1;2;3;2;1;2;2;1;3;3;1;1992;1;2
1920;1;2;1;1;3;1;2;4;1;2;1;1999;1;2
1969;2;5;5;5;5;5;5;5;4;4;1;1995;1;2
2006;2;1;2;1;1;2;4;2;1;2;1;1998;1;2
2038;1;2;2;2;2;3;3;3;4;4;2;1996;2;2
2068;1;2;4;1;2;1;2;2;1;3;1;1997;1;2
2132;1;1;5;1;1;4;4;1;2;4;1;1989;2;2
2139;1;4;4;4;4;4;4;4;5;4;2;1998;1;2
2143;1;1;3;1;1;2;3;1;1;1;1;1998;1;2
2177;1;1;1;1;1;2;2;2;1;2;1;1998;1;2
2228;1;1;1;1;1;1;1;5;1;1;1;1995;1;2
2285;3;4;4;2;2;5;5;2;4;4;2;1999;1;2
2345;1;5;5;5;5;5;5;5;4;4;2;1995;2;1
2357;1;1;1;1;1;1;1;1;2;3;1;1989;2;1
2370;1;1;2;1;1;1;1;2;1;4;1;1996;1;2
2372;1;1;3;1;5;3;1;1;4;2;1;1998;1;2
2377;1;2;2;2;2;1;3;5;2;2;1;1995;1;2
2417;1;4;4;5;4;4;1;5;3;4;2;1995;1;2
2418;1;1;3;2;2;2;2;2;2;4;1;1995;1;2
2441;1;3;4;3;3;4;2;3;4;4;1;1996;1;2
2443;1;1;1;1;2;1;1;2;1;1;1;1998;1;2
2470;1;2;4;2;1;3;3;4;4;4;1;1998;1;2
2479;1;1;1;1;1;1;1;1;1;4;1;1999;1;2
2504;1;2;3;2;3;2;1;2;2;3;1;1998;1;2
2514;1;2;2;3;2;2;3;1;2;4;1;1997;1;1
2531;1;4;4;5;5;5;5;4;4;4;2;1998;1;2
2549;1;2;1;2;2;3;2;3;2;4;2;1986;5;2
2558;1;1;2;1;1;2;2;3;2;1;1;1996;1;2
2566;1;1;2;2;2;2;2;3;2;2;2;1999;1;2
2618;1;5;5;5;5;5;5;5;3;2;2;1995;1;2
2761;1;2;3;2;2;2;2;5;1;4;1;2001;1;2
2831;1;4;5;4;4;4;4;4;4;4;2;1999;1;2
2841;1;1;1;1;1;1;1;1;1;1;1;2022;1;1
2865;1;5;5;4;5;5;5;5;5;5;2;1999;1;2
2870;1;3;4;2;2;2;2;1;5;4;1;1992;1;2
2896;1;1;1;1;2;1;2;3;1;1;1;1999;1;2
2911;1;1;4;1;1;3;2;2;2;3;1;1998;1;2
2925;1;5;4;5;5;5;5;5;5;5;1;2020;1;2
2927;1;4;4;1;1;3;1;4;4;4;2;1994;1;2
2950;1;1;1;1;3;1;3;5;1;2;1;1988;1;1
2968;1;1;1;1;5;1;1;1;1;1;2;1997;1;2
2993;1;1;4;2;1;1;5;1;1;5;1;1998;2;2
3029;1;1;1;1;2;2;1;3;1;4;1;1997;1;2
3047;3;2;4;1;1;5;5;5;4;4;1;2021;5;2
3080;1;5;5;5;5;5;2;4;4;4;2;1999;1;2
3090;1;2;4;2;4;1;2;3;3;5;1;2000;1;2
3091;1;2;1;2;2;4;2;2;4;4;1;1999;1;2
3101;1;4;4;4;1;5;5;5;4;4;2;1997;1;2
3102;1;1;1;1;1;1;3;3;1;2;1;2000;1;2
3105;1;5;4;5;5;5;5;5;5;5;1;1999;1;2
3112;1;1;1;2;2;1;1;5;1;4;1;1999;1;2
3142;1;1;2;2;3;5;5;1;3;3;1;2001;1;2
3143;1;1;1;3;1;2;4;3;2;4;1;2000;1;2
3144;2;4;4;5;5;5;5;5;5;5;1;1999;4;2
3161;1;5;5;5;5;5;3;5;5;5;2;2000;5;2
3169;2;2;2;2;2;2;2;3;2;4;1;2000;1;2
3174;1;5;5;5;5;5;5;1;5;5;1;2000;1;2
3201;1;5;5;5;5;5;5;5;4;4;2;1999;1;2
3210;1;2;2;2;3;2;2;2;2;4;1;2000;1;2
3212;3;3;4;2;2;3;1;4;2;4;2;1997;1;2
3217;1;1;1;3;3;1;1;4;1;2;2;2000;1;2
3218;1;2;4;1;1;1;3;3;2;2;2;2000;1;2
3229;1;4;4;3;2;5;4;1;3;4;1;1999;1;2
3234;1;5;5;4;4;4;3;4;4;1;2;1998;1;2
3241;1;2;2;2;3;5;2;2;2;3;1;1999;1;2
3258;1;1;2;1;2;1;2;5;2;2;2;1998;1;2
3275;1;1;2;2;2;2;2;2;4;4;1;1998;1;2
3290;1;1;1;2;2;1;1;5;1;3;1;1994;1;2
3314;1;2;4;3;2;3;4;1;4;4;1;1996;1;2
3332;1;1;2;1;2;1;2;3;2;4;1;1998;1;2
3336;1;5;5;5;5;5;1;5;4;4;2;1999;1;2
3338;2;3;3;4;3;3;3;4;5;3;2;1999;1;2
3361;1;4;5;5;4;5;5;5;5;5;2;1998;1;2
3384;1;2;4;2;2;3;3;2;1;2;1;1999;1;2
3384;1;2;4;2;2;3;3;2;1;2;1;1999;1;2
3395;1;2;4;2;2;2;2;2;3;4;1;1998;1;1
3396;3;2;4;3;5;3;2;2;4;2;1;1987;1;1
3396;3;2;4;3;5;3;2;2;4;2;1;1987;1;1
3400;2;2;4;2;2;2;2;2;3;2;2;1999;1;2
3442;1;1;1;1;1;1;1;2;4;5;2;1999;1;2
3459;1;1;2;1;3;1;2;2;1;3;1;1999;1;2
3469;1;2;4;2;3;4;3;3;2;4;1;1998;1;2
3492;1;1;2;1;3;5;2;5;2;4;1;1997;1;2
3504;1;1;2;1;3;5;2;3;4;4;2;1999;1;2
3525;1;1;2;3;1;4;3;1;3;4;1;1995;1;2
3533;1;2;3;2;2;1;4;1;2;5;1;1999;1;2
3558;2;3;4;3;3;3;2;3;5;5;1;1990;1;2
3631;3;1;1;1;1;1;5;1;2;4;1;2003;5;2
3650;3;1;1;1;1;1;1;1;1;1;1;2022;2;2
3657;1;2;4;3;2;4;2;4;3;4;1;1999;1;2
3695;1;1;1;5;5;1;5;5;1;1;1;2022;1;2
3700;1;1;2;3;2;1;1;1;3;4;1;1998;1;2
3730;1;5;4;5;5;5;2;5;5;5;2;1998;1;2
3731;1;1;2;1;1;3;4;4;2;4;1;1999;1;1
3756;1;2;4;2;2;4;4;2;4;4;1;1998;1;2
3757;1;1;2;2;3;1;3;1;1;4;1;1998;1;2
3764;1;2;5;1;2;2;2;2;3;4;1;2000;1;2
3765;1;1;4;1;1;1;5;1;2;4;1;1999;1;2
3769;1;1;1;1;1;3;3;1;1;4;1;2000;1;1
3792;1;4;4;4;4;4;4;2;4;4;1;1999;1;2
3799;1;2;1;1;1;1;1;4;1;2;1;2000;1;2
3801;3;1;4;2;1;3;3;4;4;3;1;1998;1;2
3806;2;2;4;3;3;3;2;2;3;4;1;1986;5;1
3859;1;3;5;2;2;5;3;5;4;4;2;2000;1;2
3973;3;1;1;1;1;1;1;1;3;3;1;2022;2;1
4023;1;1;2;1;1;1;1;1;1;2;1;1998;1;2
4029;3;2;4;2;2;1;2;4;3;1;2;1999;1;2
4031;1;3;4;2;4;3;5;4;1;4;1;2000;1;2
4037;1;1;1;1;1;1;1;1;1;1;1;2019;1;2
4045;3;2;1;1;1;2;3;2;1;4;1;1997;1;1
4046;1;5;4;4;4;5;4;3;4;2;2;1998;1;2
4049;1;4;4;1;1;5;2;1;4;4;1;2000;1;2
4051;1;1;4;1;1;1;1;1;4;4;2;2000;1;2
4063;1;2;2;2;2;2;2;3;2;2;1;1999;1;2
4070;1;1;2;1;1;2;1;2;2;1;1;1989;2;1
4092;2;5;5;5;5;5;4;5;5;5;1;1998;1;2
4106;2;3;4;1;1;2;2;2;3;3;2;1999;1;2
4113;1;1;1;1;1;1;1;1;1;1;1;2022;1;1
4178;1;1;1;2;4;4;4;5;2;4;1;1998;1;2
4181;1;1;1;1;1;1;1;5;1;3;1;2000;1;2
4193;1;4;4;3;4;4;1;1;4;4;2;2000;1;2
4194;1;1;2;1;2;2;1;3;2;4;2;1999;1;2
4202;1;5;4;3;3;4;3;3;3;4;1;2022;1;2
4245;1;2;2;1;1;2;4;3;1;4;1;2001;1;2
4305;2;5;5;5;2;5;2;2;5;5;2;1998;1;2
4317;1;1;1;1;1;1;5;5;1;1;1;1999;1;2
4330;1;1;2;1;1;1;1;1;1;1;1;2001;1;2
4338;1;1;2;4;5;1;1;1;4;1;1;1997;2;1
4339;1;2;4;1;1;1;1;1;1;1;1;1999;1;2
4372;1;1;1;1;3;1;1;3;1;1;1;2001;1;2
4386;1;1;1;2;2;1;3;4;1;2;1;1997;1;2
4419;1;2;4;2;2;3;3;2;2;3;1;1996;1;2
4428;1;2;3;3;2;3;2;4;3;3;2;1991;1;2
4444;1;3;4;4;4;4;4;4;4;4;1;1974;5;1
4464;3;1;2;1;1;1;4;3;1;3;1;1999;1;2
4470;1;4;4;2;2;2;2;2;2;2;1;1999;1;2
4478;1;3;3;2;3;4;1;3;3;2;2;1991;1;2
4480;1;5;5;4;4;5;2;5;3;2;2;1996;1;2
4483;2;1;4;1;1;1;1;1;3;4;2;2001;1;2
4515;1;5;5;5;5;5;5;5;4;4;1;1976;5;1
4518;1;1;2;2;2;1;1;4;1;2;1;2001;1;2
4520;1;1;4;2;2;1;3;2;2;4;1;2001;1;2
4605;1;5;5;5;5;5;2;5;4;3;2;2022;2;2
4609;1;1;1;1;1;1;1;1;1;1;1;2022;1;1
4646;1;1;5;1;2;1;5;1;1;4;1;2000;1;2
4670;1;2;1;1;3;1;4;3;1;2;1;2001;1;2
4699;1;1;1;1;1;1;1;1;1;1;1;1992;1;2
4703;1;4;4;3;4;4;2;5;3;4;2;2001;1;2
4756;1;2;1;2;2;2;2;2;4;3;1;1996;1;2
4756;1;2;1;2;2;2;2;2;4;3;1;1996;1;2
4756;1;2;1;2;2;2;2;2;4;3;1;1996;1;2
4756;1;2;1;2;2;2;2;2;4;3;1;1996;1;2
4763;2;1;2;2;1;1;4;5;2;3;1;2022;1;2
4773;1;1;3;1;2;4;2;2;2;4;1;2001;1;2
4777;2;2;3;1;1;2;2;3;2;4;1;1999;1;2
4781;1;3;4;3;3;3;3;3;2;4;1;1999;1;2
4837;1;1;1;1;1;1;1;1;1;1;1;2022;1;1
4846;1;4;4;2;2;3;3;1;5;5;1;1992;1;2
4869;1;1;1;1;1;1;1;1;1;1;1;2022;1;1
4907;2;1;1;1;1;1;1;1;1;1;1;2020;1;2
4908;2;1;1;1;1;1;1;1;1;1;1;2020;1;2
4909;2;1;1;1;1;1;1;1;2;1;1;2020;1;2
4910;2;1;1;1;1;1;1;1;1;1;1;2020;1;2
4919;2;1;1;1;1;1;1;1;1;1;1;2020;1;2
4920;2;1;1;1;1;1;1;1;1;1;1;2020;1;2
4928;2;1;1;1;1;1;1;1;1;1;1;2020;1;2
4929;2;1;1;1;1;1;1;1;1;1;1;2020;1;2
4933;2;1;1;1;1;1;1;1;1;1;1;2020;1;2
4934;2;1;1;1;1;1;1;1;1;1;1;2020;1;2
4935;2;1;1;1;1;1;1;1;1;1;1;2020;1;2
4936;2;1;1;1;1;1;1;1;1;1;1;2020;1;2
4937;2;1;1;1;1;1;1;1;1;1;1;2020;1;2
4938;2;1;1;1;1;1;1;1;1;1;1;2020;1;2
4939;2;1;1;1;1;1;1;1;1;1;1;2020;1;2
4940;2;1;1;1;1;1;1;1;1;1;1;2020;1;2
4941;2;1;1;1;1;1;1;1;1;1;1;2020;1;2
4942;2;1;1;1;1;1;1;1;1;1;1;2020;1;2
4943;2;1;1;1;1;1;1;1;1;1;1;2020;1;2
4944;2;1;1;1;1;1;1;1;1;1;1;2020;1;2
4945;2;1;1;1;1;1;1;1;1;1;1;2020;2;2
4946;2;1;1;1;1;1;1;1;1;1;1;2020;1;2
4949;2;1;1;1;1;1;1;1;1;1;1;2020;1;2
4950;2;3;4;1;1;1;1;1;4;4;1;2000;1;2
4972;1;5;5;3;5;5;2;2;4;5;2;2001;2;1
4973;1;1;1;2;1;3;2;1;2;3;1;1999;1;2
4974;1;2;3;1;1;4;2;1;2;2;1;1989;1;2
4975;1;1;1;1;1;1;3;3;2;4;2;1997;1;2
4976;1;3;4;1;2;3;3;2;4;4;2;2020;1;2
4977;1;4;4;4;5;5;2;5;4;4;2;1998;1;2
4978;1;2;4;1;2;2;2;3;2;4;2;1998;1;2
4979;1;4;4;4;5;3;2;5;4;4;2;2001;1;2
4980;1;3;4;2;2;2;3;5;2;5;2;2002;1;2
4981;1;1;1;2;4;4;2;3;3;4;2;2000;1;2
4982;2;5;5;5;5;5;5;5;5;5;2;2002;1;2
4983;1;2;2;2;2;3;2;1;1;4;1;2000;1;1
4984;1;3;4;2;3;2;2;4;2;5;2;2002;1;2
4985;1;1;2;1;2;2;3;2;2;4;1;2002;1;2
4986;1;2;1;2;2;2;1;3;2;2;2;2000;1;2
4987;2;4;4;4;4;4;3;1;5;5;1;2001;1;2
4988;1;1;4;1;1;3;3;4;1;4;1;2001;1;2
4989;1;1;3;1;1;2;1;1;4;4;2;2001;1;2
4990;2;5;5;3;4;3;2;1;3;5;2;2002;1;2
4991;1;1;2;1;1;2;1;3;2;3;2;2002;1;2
4992;1;4;3;1;2;2;3;3;2;4;1;2002;1;2
4993;1;2;3;2;1;3;2;2;2;4;1;2001;1;2
4994;1;2;4;3;2;1;4;2;1;2;1;2002;1;2
4995;1;5;4;2;3;3;2;4;5;4;2;2003;1;2
4996;1;1;1;2;1;1;3;2;2;4;1;2002;1;2
4997;2;1;2;1;1;3;2;1;2;4;1;2001;1;2
5001;2;1;2;1;1;2;3;3;2;4;1;2002;5;2
5003;1;2;4;3;1;3;3;1;2;2;1;2000;1;2
5004;1;1;1;1;1;1;2;5;2;2;1;2001;1;2
5005;1;1;1;2;2;1;2;3;1;3;1;1999;1;2
5006;1;2;4;2;2;4;4;2;3;4;2;2000;1;2
5007;1;1;2;1;3;5;2;2;4;4;1;1999;1;2
5008;1;5;5;5;5;5;5;5;5;5;1;1999;1;2
5009;1;2;3;3;2;3;3;1;1;2;2;1999;1;2
5010;1;2;4;1;1;3;1;4;4;4;2;2000;1;2
5011;1;2;4;3;2;1;2;4;2;4;1;2001;1;2
5012;2;2;1;2;1;2;2;3;2;4;1;2000;1;2
5013;1;1;1;1;1;1;1;1;1;4;1;2001;1;2
5014;1;1;1;1;2;1;1;4;1;2;1;2022;1;2
5015;1;1;1;1;1;1;1;3;1;2;1;1999;1;2
5016;1;5;5;3;5;5;2;5;3;4;2;1998;1;2
5017;1;1;1;1;1;1;1;4;1;1;1;2001;1;2
5018;1;1;4;2;3;4;3;1;4;4;1;2000;1;2
5019;1;1;1;1;1;3;4;1;2;2;1;2001;1;2
5020;1;2;1;2;3;1;3;5;2;2;2;2001;1;2
5021;1;1;1;1;3;1;2;3;1;2;1;2001;1;2
5022;1;1;1;1;2;3;1;5;2;2;2;1998;1;2
5023;2;3;4;3;2;2;2;4;2;4;2;2000;1;2
5024;1;1;3;1;1;1;1;5;2;1;1;2000;1;2
5025;1;4;4;1;1;4;1;2;4;4;2;2001;1;2
5026;1;4;4;2;2;4;2;5;4;4;2;2000;1;2
5027;2;1;4;2;1;2;3;4;2;4;2;2001;1;2
5028;1;4;4;5;5;5;1;5;3;4;1;1994;1;2
5029;1;1;4;2;1;3;2;3;4;4;2;2000;1;2
5030;1;1;2;2;3;1;2;2;1;4;1;2001;1;2
5031;1;4;4;2;2;1;2;5;2;2;2;1999;1;2
5032;1;4;5;3;3;3;3;3;4;4;2;1998;1;2
5033;1;3;4;1;1;4;3;3;3;2;1;2000;1;2
5034;1;1;1;1;2;1;2;5;1;2;1;2000;1;2
5035;1;1;1;4;4;4;2;2;4;5;1;2001;1;2
5036;1;1;1;1;1;1;1;1;1;2;1;2001;1;2
5037;1;4;4;3;2;4;2;2;4;4;2;1998;1;2
5038;2;2;4;1;1;3;2;5;5;5;2;2000;1;2
5039;1;1;1;1;1;1;1;5;1;4;1;2000;1;2
5040;1;1;1;1;1;3;1;2;2;3;1;2001;1;2
5041;2;2;4;2;2;3;2;2;2;5;1;2000;1;2
5043;1;2;1;2;4;5;1;4;5;5;2;2001;1;2
5044;2;1;1;1;1;1;2;2;1;4;1;2001;1;2
5045;1;1;1;1;5;5;1;3;4;4;2;2020;1;2
5046;1;2;1;2;2;3;3;4;2;4;2;2000;1;2
5047;1;2;3;2;2;3;3;2;2;4;1;1999;1;2
5048;1;1;4;2;2;2;1;2;5;4;2;1998;1;2
5049;3;3;4;4;3;5;2;2;4;4;1;2001;1;2
5052;1;2;1;2;2;2;2;5;2;2;1;2002;1;2
5053;2;1;1;1;2;2;3;1;2;3;1;2000;1;2
5053;2;1;1;1;2;2;3;1;2;3;1;2000;1;2
5054;1;5;5;5;5;5;2;5;5;5;1;1979;2;1
5055;1;3;4;2;3;4;2;1;3;3;1;1997;1;1
5057;2;1;1;1;2;2;3;2;1;2;1;2000;1;2
5060;3;3;4;1;1;3;3;3;5;3;1;1995;1;2
5061;2;3;4;4;4;2;2;3;3;4;1;2000;1;2
5062;1;1;2;3;2;1;4;5;2;4;1;2000;1;2
5063;1;4;4;2;4;4;2;2;3;3;2;2000;2;1
5067;1;1;1;1;1;1;3;1;2;2;1;2001;1;2
5068;1;1;4;1;1;1;5;5;2;5;1;2000;1;2
5069;1;4;4;3;3;3;2;2;4;4;1;1990;1;1
5070;1;3;5;2;4;1;3;5;1;1;1;2000;1;2
5073;3;5;5;5;5;5;5;5;5;4;2;1998;1;2
5074;1;2;3;2;2;2;2;2;1;4;1;1985;2;2
5077;1;3;3;3;4;1;3;4;3;4;1;1999;1;2
5079;1;2;4;2;5;3;1;5;5;5;2;1984;2;1
5085;1;1;4;3;3;3;3;3;2;4;1;2002;1;2
5086;1;1;4;1;1;1;2;3;2;4;2;2002;1;2
5087;1;1;3;1;1;2;1;3;2;4;2;1999;1;2
5088;1;5;5;5;5;5;5;5;5;5;1;1964;5;2
5089;1;2;3;2;2;2;2;2;1;1;1;1991;1;2
5090;1;1;4;2;2;2;2;2;3;3;2;1999;1;2
5091;1;2;4;3;3;2;3;1;2;2;1;1996;1;2
5092;2;5;5;4;4;5;2;4;5;5;2;2002;1;2
5093;2;2;4;2;1;2;2;1;1;2;1;2001;1;2
5094;1;1;1;2;2;2;3;2;2;4;1;2001;1;2
5095;1;1;1;2;2;1;2;5;1;2;1;1997;1;2
5097;1;1;1;1;1;1;2;1;3;4;2;2001;1;2
5098;2;1;1;1;1;1;1;1;2;2;2;2000;1;2
5099;1;4;4;4;4;4;4;4;4;4;2;1997;1;2
5100;1;3;4;2;1;2;2;2;2;3;2;2022;1;2
5102;2;1;2;2;1;3;2;2;2;4;1;2000;1;2
5103;1;5;5;5;5;5;5;5;3;3;2;2002;1;2
5104;1;3;4;2;4;5;2;2;4;4;2;2001;1;2
5105;2;2;1;1;1;1;2;2;3;4;1;2001;1;2
5106;1;1;1;1;1;2;1;3;1;2;1;2001;1;2
5107;1;2;2;1;1;4;4;4;1;1;2;2001;1;2
5108;2;3;4;1;1;4;1;4;4;4;2;2000;1;2
5109;1;4;4;4;5;5;2;5;3;4;2;2001;1;2
5110;1;1;2;3;1;3;2;1;2;2;1;2001;1;2
5111;2;4;4;2;1;5;1;3;3;4;2;2001;1;2
5112;2;1;1;1;1;3;2;1;2;3;2;2001;1;2
5113;1;5;5;5;5;5;5;5;5;5;2;1991;1;1
5114;1;1;1;1;1;1;1;1;1;4;1;2001;1;2
5115;1;1;2;1;1;2;1;2;2;2;1;2000;1;2
5116;2;1;1;1;1;1;1;3;1;2;2;1983;1;1
5117;1;1;1;1;1;1;2;1;2;5;1;2001;1;2
5117;1;1;1;1;1;1;3;1;2;5;1;2001;1;2
5118;2;2;4;2;2;4;3;2;3;5;1;2000;1;2
5120;1;2;3;1;2;4;3;1;1;2;1;2002;1;2
5121;1;1;2;2;2;2;2;2;1;5;1;2001;1;2
5122;1;2;3;2;3;2;2;4;3;4;2;2002;1;2
5123;1;1;1;1;1;2;2;2;1;4;1;2001;1;2
5124;1;1;2;1;1;2;3;4;1;4;1;1992;1;1
5125;1;2;3;1;1;2;1;4;1;3;1;2002;1;2
5126;1;2;2;1;2;2;3;2;2;4;1;2002;1;2
5127;1;1;2;1;3;1;2;4;1;4;1;2002;1;2
5128;1;1;3;1;2;3;2;3;2;5;1;2002;1;2
5129;1;3;3;1;3;2;2;1;2;2;1;2000;1;2
5130;1;1;2;1;2;4;5;2;3;5;1;2001;1;2
5131;2;3;4;1;1;4;3;2;2;5;1;2001;1;2
5132;1;1;1;1;1;1;1;4;1;4;2;2002;1;2
5133;1;2;1;2;2;2;2;1;1;1;1;2001;1;2
5134;1;4;4;2;5;5;5;5;4;4;2;2001;1;2
5135;1;2;3;2;2;3;3;5;1;5;1;2001;1;2
5136;1;5;5;5;5;5;5;5;4;2;2;2001;1;2
5137;1;3;4;3;2;4;3;2;3;4;1;2001;1;2
5138;1;1;1;1;3;1;2;5;4;3;1;2001;1;2
5140;1;2;2;2;5;3;1;5;2;2;1;1999;1;2
5141;1;2;4;1;1;5;3;3;4;4;1;2001;1;2
5142;1;2;3;2;2;2;2;2;4;4;1;2002;1;2
5143;1;1;2;2;1;2;3;4;1;4;1;2002;1;2
5144;1;3;4;2;2;4;2;4;3;3;1;2020;1;2
5145;1;1;3;2;2;5;4;2;2;4;1;1993;1;2
5146;1;2;4;1;1;3;4;4;3;4;1;2001;1;2
5147;1;4;4;3;3;4;2;5;4;4;2;2002;1;2
5148;1;1;2;1;1;1;1;4;1;4;1;2002;1;2
5149;1;1;4;2;2;3;3;4;2;4;2;2001;1;2
5150;1;1;2;2;1;3;2;1;2;4;2;2003;1;2
5151;1;1;2;1;3;1;3;5;1;2;1;2002;1;2
5152;1;2;4;2;3;3;2;2;2;5;1;2001;1;2
5153;2;4;4;3;2;5;5;2;3;3;1;1997;1;2
5154;1;1;3;2;1;2;3;2;2;2;2;2000;1;2
5155;1;3;4;3;4;5;1;2;5;4;2;2002;1;2
5156;1;3;4;4;1;4;1;5;4;4;2;1998;1;2
5157;2;4;4;4;4;5;2;5;4;4;1;1996;1;2
5158;1;1;1;2;1;1;2;2;1;4;1;1997;1;2
5159;1;3;4;3;3;3;2;2;2;4;1;2002;1;2
5161;1;1;1;1;3;1;2;4;1;1;1;1999;1;2
5162;1;1;1;2;3;1;1;5;3;2;2;2001;1;2
5163;1;3;4;2;2;5;2;3;4;4;2;2001;1;2
5164;1;1;2;1;1;1;1;2;1;1;1;2001;1;2
5165;1;1;3;2;2;1;1;2;2;2;2;2001;1;2
5166;1;3;3;2;2;5;4;4;4;4;2;2001;1;2
5167;1;4;4;2;2;2;3;3;3;5;2;2002;1;2
5168;1;2;2;3;3;1;3;4;2;4;1;2002;1;2
5170;1;2;2;2;2;3;3;4;2;5;1;2003;1;2
5171;1;4;4;4;4;4;3;5;4;4;2;2002;1;2
5172;1;1;1;3;1;4;4;2;2;5;1;2001;1;2
5173;1;1;1;1;1;4;3;4;4;4;1;2002;1;2
5174;1;5;4;4;2;3;1;4;3;4;2;2002;1;2
5175;1;1;2;2;1;5;1;1;4;4;1;2002;1;2
5176;1;1;4;1;2;1;1;3;1;4;1;2001;1;2
5177;1;2;1;2;1;2;2;1;4;4;1;1983;2;1
5178;1;2;4;1;1;2;1;3;2;2;2;2001;1;2
5179;1;2;3;2;3;1;3;4;2;4;1;2001;1;2
5180;1;1;2;1;2;1;3;2;1;1;1;2000;1;2
5181;1;1;1;1;1;1;1;4;1;4;1;2020;1;2
5182;1;4;4;2;5;5;2;5;4;4;1;2001;1;2
5183;1;2;2;2;2;2;3;4;2;3;1;2001;1;2
5184;1;4;4;4;2;4;3;4;5;4;2;2002;1;2
5186;1;2;3;5;5;2;5;2;4;4;1;2001;1;2
5188;1;1;1;1;1;1;1;1;1;2;1;1998;1;2
5189;2;1;4;1;1;2;3;4;2;4;1;2002;1;2
5190;1;3;4;3;4;3;2;2;4;4;2;2000;1;2
5191;1;1;3;1;1;5;1;2;3;4;2;2001;1;2
5192;1;1;3;1;3;1;2;5;1;2;1;2001;1;2
5194;1;1;4;1;1;2;2;1;2;4;1;2001;1;2
5195;1;5;5;5;5;5;5;5;5;5;1;1999;1;2
5196;1;1;1;1;1;1;1;3;1;1;2;2002;1;2
5197;2;2;3;2;2;4;3;1;4;4;1;2002;1;2
5198;1;1;3;1;1;2;1;2;2;3;2;2001;1;2
5199;1;1;1;1;1;2;2;2;1;3;1;2001;1;2
5200;2;4;4;4;2;4;4;4;4;5;2;2002;1;2
5201;1;1;1;2;2;1;4;3;1;4;1;2000;1;2
5202;1;2;5;2;2;3;2;4;3;4;1;2002;1;2
5203;1;2;4;2;2;3;2;4;4;4;2;2002;1;2
5204;1;1;2;1;1;3;2;2;2;4;1;2002;1;2
5205;1;2;4;3;2;3;2;4;3;5;2;2002;1;2
5206;1;1;2;1;1;1;1;1;2;4;1;2000;1;2
5207;1;1;4;1;1;5;5;5;2;5;1;2002;1;2
5208;1;3;3;2;2;3;2;3;3;4;1;2000;1;2
5209;2;4;4;5;2;5;2;4;5;5;1;2000;1;2
5210;2;4;1;1;5;5;1;5;4;5;2;2001;1;2
5211;1;1;1;1;3;4;2;1;2;2;1;1998;1;2
5212;1;1;1;1;1;2;2;3;2;4;1;2000;1;2
5213;1;4;4;3;4;3;2;4;4;4;2;2001;1;2
5214;1;3;5;2;3;5;1;5;4;5;1;2002;1;2
5215;1;3;4;3;4;2;2;4;3;4;2;2002;1;2
5217;1;2;1;1;3;3;2;5;4;4;2;2002;1;2
5218;1;1;4;1;2;2;2;3;2;4;2;2002;1;2
5219;1;2;4;1;2;2;2;5;2;4;2;2000;1;2
5220;1;3;4;1;2;4;1;4;4;4;2;2002;1;2
5221;1;1;3;1;1;5;5;1;2;2;1;2002;1;2
5222;1;1;2;1;2;2;2;4;3;3;1;2002;1;2
5223;1;4;4;5;5;5;5;5;4;4;2;1998;1;2
5224;1;1;3;1;3;2;3;5;2;4;2;2001;1;1
5225;1;3;4;2;2;2;2;5;4;4;1;2001;1;2
5226;1;2;2;1;1;1;1;2;2;4;2;2002;1;2
5228;2;5;5;3;5;5;1;5;4;4;2;2002;1;2
5229;2;2;3;2;2;4;2;3;4;4;2;2002;1;2
5230;1;3;4;2;2;2;2;5;4;5;2;2001;1;2
5231;1;1;2;1;1;2;2;1;2;2;1;2002;1;2
5233;2;2;3;1;2;2;2;4;2;4;1;2000;1;2
5244;1;1;3;1;2;2;2;4;1;3;1;1991;5;2
5245;2;5;5;5;5;5;5;5;5;5;2;2021;1;2
5250;1;2;3;2;2;1;1;3;1;1;1;2002;1;2
5279;1;2;4;1;1;4;1;3;2;4;1;2001;1;2
5281;1;1;4;1;1;1;2;2;1;1;2;2000;1;2
5283;1;3;3;2;2;3;2;2;2;3;1;2020;1;2
5284;1;1;1;2;1;4;2;4;1;4;1;2002;1;2
5285;1;2;4;1;2;1;3;2;1;2;1;2001;1;2
5287;1;1;2;1;2;1;2;3;1;2;1;1987;1;2
5288;1;3;4;1;3;5;2;1;2;4;1;1999;1;2
5292;1;1;2;2;2;2;2;1;2;4;1;2001;1;1
5299;1;2;4;2;2;1;2;3;1;2;2;2000;1;2
5302;2;5;5;5;5;5;3;5;4;4;2;1998;1;2
5303;1;1;2;1;1;1;1;1;2;4;1;2001;1;2
5304;1;2;3;2;4;4;3;1;5;5;1;2000;1;2
5305;2;2;2;1;1;2;2;1;4;4;1;2001;1;2
5306;2;3;4;2;2;3;2;2;3;4;1;2001;1;2
5308;1;2;2;2;3;3;1;2;2;4;1;2002;1;2
5310;1;5;4;4;4;5;4;3;4;4;1;1998;1;2
5311;1;1;4;1;2;2;1;4;2;4;2;2002;1;2
5312;1;1;1;1;2;1;2;5;1;3;1;2020;1;2
5313;1;1;4;1;3;2;3;3;2;4;1;1994;1;2
5315;1;4;4;4;5;4;2;5;3;4;2;1999;1;2
5316;2;2;2;3;2;3;3;1;2;5;1;2001;1;2
5318;1;5;5;4;5;5;2;5;4;4;2;1998;1;2
5319;1;4;4;1;3;3;1;2;3;4;2;1997;1;2
5320;1;4;4;3;5;4;3;5;3;4;2;2002;1;2
5321;1;1;4;2;1;1;1;4;2;4;2;2002;1;2
5323;2;5;5;5;5;5;5;5;5;5;2;1996;1;2
5324;1;3;4;2;3;4;1;5;5;2;2;2001;1;2
5360;1;2;2;1;2;1;3;5;1;4;1;2002;1;2
5363;1;2;2;1;4;4;2;2;1;1;2;2002;1;2
5380;1;1;1;3;2;1;3;2;1;2;1;2001;1;2
5385;2;1;1;1;1;1;3;3;1;4;1;1999;5;2
5390;2;1;2;1;1;1;1;1;1;1;1;2020;2;2
5394;1;1;1;1;1;2;2;4;2;2;2;1998;1;2
5405;1;1;1;1;1;1;1;1;1;1;1;2022;1;1
5435;1;3;4;3;3;3;2;5;3;3;2;2020;1;2
5436;1;3;4;2;3;5;1;4;4;4;2;2002;1;2
5440;2;1;1;3;3;3;3;2;3;4;1;2001;1;2
5441;1;1;1;2;2;1;2;3;2;2;2;2000;1;2
5442;1;1;4;1;1;1;1;3;1;1;1;2000;1;2
5443;1;4;4;2;4;4;2;5;3;4;1;1999;1;2
5444;1;2;4;2;1;3;4;4;3;5;1;1992;1;2
5445;1;5;5;5;5;5;4;5;4;4;1;1986;2;2
5446;1;3;4;2;3;2;1;5;3;4;2;2000;1;2
5447;1;2;4;2;2;4;4;3;5;5;2;1999;1;2
5448;1;3;4;1;4;3;2;4;5;3;1;1994;1;1
5450;1;1;5;2;4;2;5;4;4;4;2;2000;1;2
5452;1;2;2;3;5;4;1;2;3;4;2;1997;2;2
5453;2;2;3;2;2;2;2;5;2;4;2;2002;1;2
5454;1;1;1;1;1;1;1;4;1;4;2;2002;1;2
5455;1;5;5;5;5;5;5;5;5;5;2;1999;1;2
5456;1;1;2;1;3;1;1;3;1;1;1;1998;1;2
5457;2;3;5;5;3;5;3;3;5;5;2;2002;1;2
5458;3;4;3;5;5;5;3;5;4;4;2;1987;5;1
5459;2;2;4;2;2;3;1;3;2;4;1;2000;1;2
5460;1;2;4;2;3;1;1;2;2;4;1;1997;5;2
5462;1;1;1;2;2;1;2;1;1;4;1;1997;1;2
5463;1;5;5;5;5;5;5;5;4;4;2;1999;1;2
5464;1;3;4;2;2;2;2;4;2;3;2;1997;1;2
5466;1;3;5;2;4;3;1;5;4;4;2;1997;1;2
5467;1;1;1;2;2;1;2;4;1;2;1;1998;1;2
5468;1;2;4;2;3;1;3;2;1;4;1;1993;1;2
5469;1;1;1;1;3;3;1;1;2;4;1;1991;1;2
5471;1;1;2;1;2;3;2;2;2;4;1;2001;1;2
5472;3;3;3;3;3;3;3;4;3;4;2;1998;1;2
5473;1;1;1;2;1;1;2;3;2;2;2;2001;1;2
5476;1;2;4;2;2;5;2;2;4;4;2;2001;1;2
5477;1;4;5;4;5;2;2;5;4;2;2;1998;1;2
5478;1;1;4;1;1;3;2;2;2;4;2;1997;1;2
5480;3;2;4;2;1;2;3;1;2;4;1;2001;1;2
5481;1;2;4;2;2;4;2;2;4;4;1;1990;1;2
5482;1;2;2;2;2;2;2;2;1;2;1;1977;2;1
5484;1;2;4;2;2;4;2;2;2;4;1;1999;1;2
5485;1;4;5;4;5;4;1;4;4;4;2;1976;2;1
5486;1;2;3;1;2;3;1;4;2;3;1;2002;1;2
5488;1;1;1;2;2;1;3;5;1;1;1;1996;1;2
5489;1;1;1;1;1;2;2;2;1;1;1;2001;1;2
5491;2;2;2;2;2;2;2;3;3;4;1;1997;1;2
5492;1;5;4;3;5;5;2;3;5;5;1;2001;1;2
5493;1;2;3;1;3;4;1;3;3;4;2;1998;1;2
5495;1;4;4;5;5;5;4;5;4;4;2;2001;1;2
5497;1;2;3;2;5;2;2;5;2;1;1;1971;2;1
5498;1;3;3;2;2;3;2;1;2;3;1;1981;2;1
5499;1;1;1;1;2;1;2;2;1;3;1;2001;1;2
5500;1;4;4;4;4;4;1;4;4;4;1;1981;2;1
5501;1;4;4;3;2;5;2;1;4;4;1;2000;1;2
5502;1;2;4;1;1;4;2;1;4;4;2;1999;1;2
5503;1;1;1;2;2;2;2;2;2;2;1;2000;1;2
5507;1;4;3;4;4;4;4;4;5;5;1;1977;2;1
5508;1;4;4;3;4;5;2;4;2;3;1;1998;1;2
5509;3;3;4;2;5;5;1;5;4;4;2;1995;1;2
5509;3;3;4;2;5;5;1;5;4;4;2;1995;1;2
5511;1;2;4;1;2;3;3;3;4;4;1;2001;1;2
5512;1;2;3;2;2;3;2;3;1;2;1;1971;4;1
5514;1;2;4;4;3;5;2;1;3;4;1;1996;1;2
5515;1;2;2;2;2;4;3;2;2;4;1;1997;1;2
5516;1;1;1;2;2;1;2;4;1;4;1;1992;1;2
5517;1;2;3;2;4;2;2;4;2;2;2;1982;2;1
5519;3;1;2;2;2;2;2;5;1;2;1;1995;5;1
5520;1;3;4;4;4;4;2;1;2;4;1;1988;2;1
5522;1;2;2;2;2;2;3;2;2;4;1;2002;1;2
5523;3;1;2;1;2;1;3;2;1;1;2;1998;1;2
5524;1;4;4;4;4;4;4;2;4;4;2;1990;1;2
5525;1;2;4;2;1;3;2;5;3;4;1;1999;1;2
5529;1;3;3;1;2;1;2;5;2;2;1;1995;1;2
5530;2;2;2;2;3;5;5;4;5;5;1;2001;1;2
5532;3;1;3;1;3;5;2;1;4;4;1;1994;1;2
5535;1;2;4;3;2;1;2;5;1;4;2;1996;1;2
5536;1;5;5;5;5;5;5;5;4;5;2;2001;1;2
5537;1;2;4;2;2;1;2;4;4;4;2;2001;1;2
5538;3;4;4;3;4;3;1;5;4;4;1;2000;1;2
5539;2;2;2;2;2;2;2;4;2;4;1;2001;1;2
5541;1;1;2;1;1;5;5;1;4;4;1;1995;1;2
5543;1;1;1;1;1;1;1;1;1;4;1;1995;1;2
5544;1;5;5;3;2;5;1;5;4;4;2;2000;1;2
5545;1;3;4;2;2;3;2;5;2;4;2;1995;1;2
5546;1;2;3;1;2;2;4;1;2;2;1;1997;1;2
5547;1;5;5;4;5;4;1;2;3;4;2;1998;1;2
5548;1;2;2;2;1;1;2;3;1;2;1;1996;1;2
5551;1;1;4;2;1;2;3;1;2;2;1;2001;1;2
5552;1;1;1;1;1;1;1;5;2;3;1;1999;1;2
5553;1;2;2;2;1;2;2;4;1;4;1;2000;1;2
5554;1;2;3;1;1;2;2;3;2;3;2;1994;1;2
5556;1;1;1;2;2;3;3;2;2;4;1;2001;1;2
5557;1;4;4;3;2;3;2;3;4;4;2;1997;1;2
5559;1;2;4;1;3;3;4;4;2;4;1;1998;1;2
5561;1;1;2;1;3;1;2;3;2;4;2;1998;1;2
5562;1;2;2;1;1;2;1;4;1;2;2;1991;1;2
5563;1;2;2;2;2;3;2;4;2;4;1;2000;1;2
5564;1;1;1;1;1;1;1;1;2;3;2;1998;1;2
5565;1;1;1;1;3;1;4;5;1;3;1;2001;1;2
5566;1;3;3;3;3;4;3;3;2;4;1;1987;1;2
5568;1;1;2;2;2;2;2;2;3;2;1;2002;1;2
5569;1;3;4;2;2;3;1;1;4;4;1;2001;1;2
5571;1;1;2;1;4;1;1;1;1;3;1;2001;1;2
5572;1;2;4;3;2;3;2;1;3;4;1;2000;1;2
5573;1;1;1;1;1;3;3;4;1;4;1;1997;1;2
5574;1;1;1;2;2;2;1;1;3;1;1;2001;1;2
5575;3;1;1;1;1;1;1;1;3;3;1;2020;1;2
5576;3;1;1;1;1;1;1;1;2;3;1;1998;1;2
5577;1;3;4;3;4;4;1;4;4;4;2;1998;1;2
5580;1;1;4;1;2;1;1;4;1;1;1;1994;1;2
5598;1;2;3;2;3;4;5;1;3;5;1;1986;1;1
5599;3;4;4;2;1;3;1;4;4;4;2;2001;1;2
5600;1;4;4;2;2;4;2;2;2;4;1;1997;1;2
5601;1;2;2;2;1;2;1;2;2;4;1;1999;1;2
5602;1;2;3;2;2;5;2;5;4;4;2;1998;1;1
5603;1;2;2;2;3;2;1;5;2;4;2;1990;1;2
5604;2;5;5;5;5;5;5;5;4;4;2;1995;2;1
5605;1;3;5;1;1;2;1;1;4;4;2;2002;1;2
5606;1;1;5;2;2;2;2;2;2;4;1;2001;1;2
5609;1;4;4;4;3;5;2;5;4;4;2;1997;1;2
5611;2;2;4;2;3;5;2;2;4;4;1;2000;1;2
5612;3;1;3;1;1;4;1;1;2;5;1;1997;1;2
5613;1;3;4;3;3;4;2;5;4;4;2;1997;1;2
5614;3;1;3;1;2;3;2;1;2;4;1;1999;1;2
5615;1;2;4;2;1;4;4;2;2;4;2;2020;1;2
5616;3;5;5;5;5;5;5;5;5;5;2;2000;1;2
5617;3;2;4;3;3;3;3;3;4;4;2;2020;1;2
5618;1;2;3;5;2;2;3;1;2;4;1;2001;1;2
5619;1;1;1;2;2;2;2;2;3;4;1;2002;1;2
5620;3;2;2;2;2;2;2;3;1;2;1;1997;1;1
5622;1;3;4;2;4;5;4;5;4;4;2;1996;1;2
5623;1;2;3;2;3;3;1;3;2;3;1;2000;1;2
5627;1;1;1;2;2;1;4;2;2;4;2;2000;1;2
5628;1;1;1;1;4;1;2;2;1;4;1;1996;1;2
5630;1;4;5;5;4;5;4;1;5;5;1;1999;1;2
5631;1;1;2;1;2;3;3;2;2;5;1;1995;1;2
5633;1;5;5;3;3;5;2;4;4;2;2;1997;1;2
5634;3;2;3;3;3;3;3;3;3;4;1;1998;1;2
5635;1;2;4;2;2;5;2;5;4;4;2;2001;1;2
5636;1;1;2;2;1;2;2;5;2;4;2;2002;1;2
5637;1;2;4;2;2;2;1;5;2;4;1;1993;1;2
5638;3;1;2;1;1;2;2;2;1;1;1;1991;4;2
5639;1;1;3;2;2;1;1;2;1;4;1;2000;1;2
5641;1;3;4;3;3;3;3;1;4;4;1;1991;1;2
5642;1;2;4;2;2;5;5;2;4;4;1;1992;1;2
5646;1;2;4;1;1;3;2;1;3;4;1;2000;1;2
5647;1;2;4;2;3;2;1;5;4;3;2;2001;1;2
5648;1;4;5;5;5;5;5;4;5;5;1;1967;2;1
5651;3;2;2;2;1;3;2;3;5;5;2;1995;2;2
5653;1;5;5;5;5;5;5;5;3;3;2;2002;1;2
5654;1;4;5;2;5;2;5;5;2;4;1;1996;1;2
5655;1;1;1;2;3;2;2;4;1;2;2;2001;1;2
5656;2;4;4;4;4;4;4;4;2;4;1;1974;1;2
5658;1;5;5;5;5;5;5;5;5;4;2;1994;1;2
5661;1;5;5;5;5;2;1;5;5;3;1;1992;1;2
5662;2;3;4;5;5;5;1;5;4;4;2;1994;2;1
5663;1;2;3;1;1;2;2;3;2;2;2;2000;1;2
5664;2;4;4;1;1;3;2;5;4;4;1;1998;1;2
5666;1;2;2;1;2;1;3;2;1;4;1;2002;1;2
5668;1;1;1;1;2;4;1;5;1;4;2;2003;1;2
5669;3;4;4;2;2;2;1;5;3;4;1;1998;1;2
5672;1;1;1;1;1;2;2;1;1;4;1;2001;1;2
5674;1;1;3;1;1;3;1;1;4;4;1;1998;1;2
5678;3;5;5;5;5;5;2;5;5;5;2;2020;1;2
5679;1;1;1;1;1;1;1;1;1;2;1;1999;1;2
5681;1;4;5;1;3;4;3;4;4;5;2;2000;1;2
5682;1;2;2;1;1;2;2;5;2;3;1;1991;1;2
5683;1;4;4;4;2;3;2;2;2;4;1;1986;2;1
5687;1;4;4;1;1;3;2;2;3;4;2;2001;1;1
5690;1;3;3;3;3;3;3;3;5;5;1;2002;1;2
5692;1;1;3;1;1;1;1;3;1;1;1;2001;1;2
5711;1;2;3;2;2;3;3;4;1;4;2;1991;1;2
5724;1;1;1;1;1;1;1;1;1;1;1;2022;1;1
5727;1;2;2;3;2;4;2;3;2;4;2;2001;1;2
5736;2;4;4;3;3;5;1;2;4;4;1;2002;1;2
5737;1;1;3;1;1;1;1;1;1;1;1;1999;1;2
5792;1;3;4;3;2;3;1;4;4;4;2;2000;2;2
5797;1;1;1;1;2;1;1;4;1;3;1;1995;1;2
5798;1;1;1;2;1;3;2;4;1;2;1;1999;1;2
5799;1;2;1;2;3;1;3;5;1;2;1;1995;1;2
5806;1;1;1;1;1;5;3;1;2;3;1;2001;1;2
5808;1;1;1;1;1;1;1;1;1;1;2;2022;1;2
5809;1;1;4;1;3;1;1;4;1;1;1;1995;1;2
5810;1;2;1;2;2;5;2;5;4;4;1;2000;1;2
5812;1;2;3;1;1;1;3;5;1;3;1;1991;1;2
5814;1;1;3;1;1;1;1;1;2;2;1;2000;1;2
5815;3;2;4;2;2;3;1;2;1;4;2;2002;1;2
5816;1;1;4;1;1;1;2;4;1;1;1;2000;1;2
5817;1;1;4;1;3;1;1;2;2;4;2;2002;1;2
5818;1;2;3;1;3;4;1;2;3;1;2;1995;2;1
5819;1;1;1;1;4;4;1;5;2;4;1;1999;1;2
5820;1;4;4;2;2;2;2;4;4;4;2;1999;1;2
5823;1;1;1;2;2;2;2;5;1;2;1;1998;1;2
5824;1;3;4;2;3;5;2;5;4;5;2;2002;1;2
5825;1;2;3;3;1;3;1;1;2;3;2;2000;1;2
5826;1;2;4;3;3;3;1;1;3;5;1;1998;2;2
5828;3;4;4;3;5;4;3;5;4;5;2;1995;1;2
5833;1;3;4;4;2;4;2;2;3;4;1;2001;1;2
5834;1;3;4;2;2;3;2;2;2;4;2;1998;1;2
5835;1;1;2;1;2;3;1;4;2;3;2;2000;1;2
5836;1;5;4;5;5;5;5;5;5;5;2;2000;1;2
5837;1;1;4;1;1;1;1;1;3;4;1;2002;1;2
5839;1;1;4;1;1;1;1;1;2;4;1;2002;1;2
5841;1;1;4;1;1;2;4;1;4;4;1;2021;1;2
5842;1;4;5;4;5;3;4;5;4;4;2;2001;1;2
5843;3;2;4;2;2;5;2;1;4;4;2;1999;1;2
5844;1;2;4;2;2;1;2;2;1;4;2;2001;1;2
5845;1;3;3;1;1;1;1;1;3;3;2;2021;1;2
5846;1;4;5;3;5;4;2;5;5;5;2;2001;1;2
5847;1;5;4;5;5;5;2;5;3;5;1;2002;1;2
5849;1;2;3;1;1;5;5;5;2;4;2;2001;1;2
5850;1;1;1;1;5;1;5;5;1;2;2;1990;1;2
5853;3;5;4;3;3;5;3;5;5;5;2;2002;1;2
5855;1;2;4;2;2;4;1;3;4;4;2;2002;1;2
5856;1;2;3;2;2;1;2;4;1;1;1;2002;1;2
5857;1;3;4;2;4;5;2;5;4;4;2;2001;1;2
5858;1;1;4;1;1;1;1;1;2;4;1;2001;1;2
5859;1;2;4;2;2;2;2;2;3;4;1;1998;1;1
5864;2;2;4;2;2;2;2;3;2;2;1;2000;1;2
5864;2;2;4;2;2;2;2;3;2;2;1;2000;1;2
5876;1;1;2;1;2;1;1;3;1;2;1;1991;2;1
5924;1;1;1;1;1;1;1;1;1;1;1;1988;1;1
5926;1;5;1;4;4;4;4;4;4;4;2;1981;1;1
5928;1;2;2;2;1;5;2;1;4;4;1;1989;5;1
5929;1;5;5;5;5;5;5;5;5;5;1;1969;2;1
5932;1;5;5;5;5;5;5;5;4;4;1;1976;1;1
5933;1;5;5;5;5;5;5;5;5;5;2;1982;1;1
5934;1;4;4;2;5;5;2;5;4;4;2;1995;2;1
5935;1;5;5;5;5;5;5;4;4;4;1;1976;5;1
5936;1;2;2;1;1;3;2;5;2;5;2;1992;1;1
5938;1;4;4;3;3;5;2;2;3;4;1;1994;2;1
5938;1;4;4;3;3;5;2;2;3;4;1;1994;2;1
5941;1;1;4;1;1;4;3;1;4;5;1;1993;5;1
5945;3;5;5;5;5;5;5;5;4;4;2;1995;1;1
5994;1;2;2;3;3;3;3;3;3;4;2;1997;1;2
5995;1;1;1;2;2;5;3;2;2;3;1;2002;1;2
5997;1;4;4;4;4;4;4;4;4;4;1;1977;2;1
5998;1;1;3;2;2;1;1;4;1;4;1;2002;1;2
6002;2;1;2;2;2;5;2;2;5;5;2;2001;1;2
6004;1;5;5;5;5;5;5;5;5;5;2;2002;1;2
6005;1;1;4;2;1;2;1;3;2;4;2;2001;1;2
6007;1;1;2;1;1;2;2;1;1;4;1;2001;1;2
6008;3;1;4;1;3;1;1;2;2;4;2;2002;1;2
6011;1;1;1;1;1;5;5;2;2;4;1;2002;1;2
6012;1;1;1;1;1;1;1;1;1;2;1;2003;1;2
6013;1;3;4;1;3;3;1;2;3;4;2;2001;1;2
6014;1;1;2;1;3;1;3;1;1;4;1;2002;1;2
6015;1;5;5;1;5;5;5;5;4;4;2;2001;1;2
6016;1;4;4;2;2;4;2;4;4;4;2;2001;1;2
6018;1;3;4;2;2;3;3;4;4;4;1;2002;1;2
6019;1;1;2;1;2;1;1;5;1;4;1;2001;1;2
6021;1;2;3;1;1;3;4;5;2;4;1;2002;1;2
6024;1;2;2;2;2;5;3;2;2;4;1;2002;1;2
6025;1;2;2;1;4;2;1;1;1;4;1;1997;1;2
6026;1;1;2;1;1;1;3;4;1;4;1;1997;1;2
6027;1;1;2;1;1;2;2;1;2;4;1;2002;1;2
6028;1;1;2;1;1;1;4;1;1;2;2;1999;1;2
6029;1;2;4;2;1;2;3;5;1;4;1;2000;1;2
6030;1;2;2;2;2;3;3;2;3;4;1;2001;1;2
6031;1;1;1;1;1;1;2;5;1;3;1;2001;1;2
6034;2;3;4;2;2;2;2;3;2;2;2;2002;1;2
6034;2;2;4;3;2;2;2;4;2;2;2;2002;1;2
6035;1;1;1;2;2;1;2;4;1;5;1;2000;1;2
6038;1;3;4;4;4;3;1;5;4;4;2;2000;1;2
6042;1;3;5;2;3;3;2;2;4;4;2;1998;5;2
6043;1;2;2;2;2;2;3;3;1;4;1;2002;1;2
6046;1;1;3;2;2;2;2;4;4;2;2;2002;1;2
6047;1;1;1;1;1;1;2;2;1;2;1;2002;1;2
6049;1;3;2;1;5;5;1;5;4;4;2;2001;1;2
6050;3;5;4;5;5;4;2;5;5;3;2;1997;2;2
6051;1;1;4;1;2;2;2;3;1;3;2;2002;1;2
6053;1;2;4;2;2;2;2;1;4;4;1;2001;1;2
6054;1;1;1;1;1;2;1;4;4;4;2;2002;1;2
6056;1;3;5;2;5;5;5;5;4;4;2;2001;1;2
6057;1;1;1;3;2;1;1;4;1;1;1;2002;1;2
6059;3;3;4;2;3;3;2;3;4;4;2;2001;1;2
6060;1;4;4;2;2;5;3;1;4;4;1;2002;1;2
6062;1;4;4;2;2;3;2;3;3;4;2;2002;1;2
6067;1;3;4;3;3;3;3;3;5;5;2;1997;1;2
6071;1;5;5;5;5;5;5;5;4;4;1;1980;1;2
6072;1;4;4;2;4;5;1;2;4;4;2;2021;1;2
6074;1;1;1;1;1;1;1;3;1;3;1;2002;1;2
6076;1;1;1;1;1;1;2;3;1;4;1;2001;1;2
6077;1;1;2;1;1;1;1;1;1;1;2;2001;1;2
6080;2;3;5;5;5;5;2;5;4;4;2;2001;1;2
6084;1;1;4;1;1;3;3;2;3;4;1;1999;1;2
6085;3;1;1;1;1;1;1;1;4;4;1;2002;1;2
6086;2;2;4;1;1;5;1;1;4;4;1;1995;1;2
6092;3;3;4;4;4;4;4;1;3;3;1;1995;1;2
6093;1;1;1;1;1;1;2;4;1;4;1;2002;1;2
6095;1;2;4;2;2;5;1;2;4;4;2;1993;1;2
6096;1;1;4;2;1;3;1;4;4;4;2;1994;1;2
6101;1;2;4;2;2;1;2;5;2;3;1;2001;1;2
6103;1;4;4;4;4;4;2;4;2;4;1;1982;2;1
6104;1;1;4;1;3;1;2;1;2;4;1;1998;1;2
6105;1;3;5;4;4;4;4;4;4;4;2;1998;1;2
6106;1;4;4;4;4;4;1;4;4;4;2;1999;1;2
6108;2;2;4;2;1;1;4;1;1;4;2;1998;2;2
6109;1;2;4;3;3;3;2;2;3;3;2;1998;1;2
6110;1;1;4;1;1;4;1;1;5;5;1;1982;2;1
6111;1;4;4;4;4;4;1;4;4;4;2;1999;1;2
6112;1;3;4;2;1;5;3;3;3;4;1;1998;1;2
6113;1;1;3;1;3;1;1;4;1;1;1;2021;1;1
6115;1;1;2;3;3;1;3;1;2;4;1;1998;1;1
6116;1;2;2;1;3;1;2;3;1;3;1;1996;1;2
6118;1;1;1;2;2;1;2;1;1;4;1;2002;1;2
6119;1;1;1;1;2;2;4;4;2;4;1;2001;1;2
6121;3;2;4;1;4;5;1;5;2;5;2;2002;1;2
6122;1;2;4;2;1;5;2;5;4;4;2;1994;1;2
6123;1;1;1;1;1;1;2;2;1;4;1;1998;1;2
6125;1;5;5;5;5;5;5;5;4;4;2;2001;1;2
6127;2;5;5;5;5;5;5;5;4;4;2;1988;1;1
6128;1;4;4;2;2;1;2;4;4;2;2;2000;1;2
6129;3;1;3;1;1;1;3;1;2;4;2;2002;1;2
6130;1;5;5;5;5;5;2;5;2;2;2;1999;1;2
6131;1;3;4;2;3;3;2;2;5;5;2;2002;1;2
6132;1;1;1;2;1;1;1;3;1;1;2;1999;1;2
6133;2;5;5;5;5;5;2;5;5;5;2;1998;1;2
6139;1;2;5;2;2;2;2;5;4;4;2;2000;1;2
6141;1;4;4;5;2;5;5;2;4;4;1;2001;1;2
6151;1;4;4;4;3;5;2;3;2;2;1;2001;1;2
6157;1;5;5;5;5;5;5;5;5;5;2;1993;1;2
6165;2;3;4;5;2;2;3;3;4;4;2;2002;1;2
6172;1;2;4;1;4;5;2;5;3;4;1;2003;1;2
6216;1;3;4;3;4;5;2;3;4;5;2;1977;2;2
6276;1;1;1;1;1;1;1;1;2;2;2;2022;1;2
6296;1;1;5;5;5;5;5;5;1;1;1;2022;1;1
6316;1;1;1;2;1;4;1;5;2;2;2;2002;1;2
6317;1;1;3;1;2;2;2;3;2;3;1;2001;1;2
6318;1;2;4;2;4;4;4;2;4;4;1;1991;1;2
6320;1;2;2;2;2;1;2;4;2;4;1;2000;1;2
6321;1;1;1;1;4;1;2;5;1;1;1;2001;1;2
6329;1;3;4;2;2;3;4;5;3;4;2;1995;1;2
6332;1;1;2;1;2;1;1;3;1;1;1;1999;1;2
6333;1;1;3;1;2;3;2;3;3;3;1;2002;1;2
6335;2;2;4;2;2;2;2;2;2;2;1;2002;1;2
6336;3;2;4;2;2;2;2;2;2;4;1;2003;1;2
6337;1;1;1;3;2;1;2;1;1;4;1;2000;1;2
6338;1;1;1;1;1;1;1;1;1;3;1;2002;1;2
6339;1;2;3;1;3;5;5;4;4;5;1;2002;1;2
6340;1;2;4;1;1;2;3;3;2;4;1;2000;1;2
6341;1;3;4;3;2;5;4;1;2;2;1;2001;1;2
6342;1;1;1;3;4;1;1;2;2;1;1;2002;1;2
6343;1;2;4;1;3;3;2;3;4;5;2;2002;1;2
6344;2;2;4;3;5;5;2;3;5;5;2;2003;1;1
6345;1;1;1;3;3;1;2;2;2;4;1;2000;1;2
6346;1;1;1;2;2;2;2;2;2;2;1;2003;1;2
6347;1;2;3;3;1;4;2;1;2;5;1;2003;1;2
6348;3;1;1;4;1;5;2;1;2;5;1;2003;1;2
6349;1;1;2;1;1;3;1;1;2;5;1;2003;1;2
6350;1;2;4;2;2;4;3;4;5;4;2;2002;1;2
6351;3;1;2;2;2;1;2;1;1;3;1;1996;1;2
6354;1;1;1;1;1;3;5;5;2;4;1;2022;1;2
6355;1;2;3;2;3;2;3;3;2;4;1;2001;1;2
6356;1;2;3;5;4;2;2;3;1;2;1;1993;1;2
6357;1;1;2;1;1;4;1;5;1;2;2;1996;1;2
6358;3;2;4;2;2;2;2;2;2;1;2;1992;1;1
6359;1;1;3;1;1;1;1;5;2;4;2;2002;1;2
6360;3;2;3;1;3;1;1;4;1;2;1;2000;1;2
6361;1;1;1;1;3;1;2;5;1;2;1;1998;5;2
6362;1;1;4;1;1;1;3;3;2;4;2;2003;1;2
6363;1;2;1;2;1;1;1;5;2;3;2;2002;1;2
6364;1;1;3;1;1;5;1;5;2;5;2;2000;1;2
6365;1;2;4;2;2;2;1;5;1;4;2;2001;1;2
6367;1;3;4;3;3;3;3;5;4;4;1;2001;1;2
6368;1;2;3;2;2;2;3;2;2;4;1;2002;1;2
6369;1;4;4;5;5;5;2;2;5;5;1;1969;2;1
6371;1;5;5;5;5;5;3;5;4;4;2;1986;1;2
6372;1;2;4;2;1;2;2;2;1;4;1;1984;2;1
6373;1;2;4;1;1;2;1;2;2;5;2;2002;4;2
6374;1;5;5;3;3;3;3;1;5;4;1;2002;1;2
6375;2;2;4;5;2;5;5;1;3;5;1;2000;1;2
6376;1;2;3;1;2;1;2;1;2;2;1;2001;5;1
6377;3;3;4;2;1;3;4;5;5;5;1;2001;1;2
6378;1;3;4;1;1;5;1;5;2;4;2;2002;1;2
6379;1;1;1;1;2;1;1;4;2;4;1;2003;1;2
6380;1;1;2;1;1;4;3;1;1;4;1;1999;1;2
6381;1;1;1;1;1;1;1;3;1;2;2;2001;1;2
6382;1;5;5;5;5;5;5;5;4;4;1;1999;1;2
6384;2;2;4;1;4;5;1;2;4;4;2;2001;1;1
6386;1;2;3;3;3;4;4;1;2;4;1;2000;1;2
6387;1;1;1;1;1;1;3;3;1;3;1;2002;1;2
6388;1;2;4;1;1;4;3;1;3;4;2;2001;4;2
6389;1;2;4;4;1;5;1;3;4;5;2;2003;1;2
6390;1;2;4;1;3;3;2;5;4;4;1;2002;1;2
6391;1;2;4;2;2;2;2;3;2;2;1;1993;1;2
6392;3;4;4;4;5;5;2;5;4;4;2;1987;4;1
6393;1;1;4;1;2;3;3;1;4;4;1;2001;1;2
6394;1;1;2;2;2;1;3;3;1;4;1;1999;1;2
6395;1;4;5;4;5;4;1;4;4;4;2;1982;2;1
6397;1;4;4;2;3;4;1;5;4;4;2;2002;1;2
6399;1;2;2;2;2;3;2;2;1;4;1;1997;5;1
6400;1;1;1;2;2;2;3;1;1;4;1;2002;1;2
6401;1;1;4;1;1;5;3;1;2;5;1;2002;1;2
6402;1;2;3;2;2;3;2;1;2;4;1;2001;1;1
6402;1;2;3;2;2;3;2;1;2;4;1;2001;1;1
6403;2;2;4;1;2;2;2;1;3;3;1;2003;1;2
6404;1;1;4;2;2;1;2;3;2;2;1;2002;1;2
6406;1;1;2;3;1;3;5;5;4;4;1;2002;1;2
6407;3;1;2;2;4;2;1;4;4;2;1;2003;1;2
6408;1;1;2;1;1;4;1;3;5;5;2;2002;1;2
6409;1;1;3;3;1;1;3;2;2;4;2;2003;1;2
6409;1;1;3;3;1;1;3;2;2;4;2;2003;1;2
6410;1;1;2;1;1;4;4;2;2;4;1;2002;1;2
6411;1;1;1;1;1;1;2;1;2;3;1;2002;1;2
6412;3;1;2;1;2;1;2;5;3;4;1;2003;1;2
6413;1;3;4;3;3;5;3;4;4;5;2;2003;1;2
6414;1;2;4;4;4;4;2;4;4;4;2;2003;1;2
6415;1;1;2;1;1;1;1;1;1;3;1;2003;1;2
6416;1;1;1;2;1;1;2;1;1;4;1;2002;1;2
6417;1;1;4;1;2;3;3;1;2;4;1;2002;1;2
6418;1;2;4;1;1;3;1;4;4;4;1;2002;1;2
6419;2;1;1;1;1;2;3;5;1;3;1;2003;1;2
6420;1;3;4;3;5;5;2;5;4;4;2;2002;1;2
6421;2;3;4;3;2;3;3;2;4;5;1;2003;1;2
6422;3;1;2;1;1;1;2;4;1;3;2;2001;1;2
6423;3;2;2;1;2;2;1;5;2;3;1;2002;1;2
6424;3;1;4;2;1;1;2;3;1;4;1;2000;1;2
6425;1;3;4;4;2;5;1;3;4;5;2;2002;1;2
6426;1;2;3;1;1;4;3;5;4;5;2;2002;1;2
6427;1;2;3;2;2;1;3;2;2;2;1;1998;1;2
6428;2;3;4;2;2;2;3;5;5;4;2;2003;1;2
6429;1;1;4;2;2;4;3;5;2;4;1;2002;1;2
6430;1;2;4;1;5;4;3;2;4;4;2;1983;2;2
6431;1;1;2;1;1;2;4;3;2;5;1;2002;1;2
6432;1;2;4;2;2;3;3;2;2;2;1;2000;1;2
6433;1;3;3;2;3;2;2;5;4;4;2;2001;1;2
6434;1;5;5;5;5;5;5;5;5;5;2;1995;5;1
6435;1;2;4;1;2;3;2;2;4;2;2;1995;1;2
6436;1;1;1;2;3;2;2;4;2;3;1;1998;1;2
6437;1;2;3;3;3;1;3;3;1;4;1;1990;2;1
6439;3;5;5;5;5;5;5;5;5;5;2;2002;1;2
6440;1;2;3;2;5;1;2;3;1;5;1;2001;1;2
6442;1;1;3;1;1;1;1;5;1;1;1;2001;1;2
6443;1;4;4;2;3;4;1;1;4;4;2;2003;1;2
6444;1;1;2;1;5;2;1;4;2;3;2;2003;1;2
6445;1;1;1;2;2;2;2;3;2;4;2;2003;1;2
6446;1;1;1;4;1;5;1;2;4;5;1;2003;1;2
6447;1;2;3;2;3;1;2;4;3;4;2;2004;1;2
6448;1;1;1;2;3;4;2;4;2;5;1;1996;1;2
6449;1;3;4;2;3;1;1;5;2;4;2;2002;1;2
6450;3;5;5;5;5;5;5;5;5;5;2;2002;1;1
6451;1;1;1;2;2;3;3;5;2;4;1;2002;1;2
6452;1;5;5;5;5;5;5;5;4;5;2;2003;1;2
6453;1;4;4;5;1;5;2;5;5;5;2;2000;1;2
6454;3;2;3;1;2;3;1;3;1;2;2;1992;5;1
6455;2;5;5;5;5;5;4;5;5;5;1;2002;1;2
6455;2;5;5;5;5;5;4;5;5;5;1;2002;1;2
6456;1;1;1;1;1;1;3;1;1;4;1;2002;1;2
6457;3;3;4;2;2;2;2;5;2;4;2;2003;1;2
6458;1;4;4;3;2;3;1;3;4;4;2;2002;1;2
6459;2;2;4;2;1;5;3;4;4;4;2;2002;1;2
6460;1;2;4;4;3;5;1;5;4;4;2;2003;1;2
6461;1;1;4;1;2;3;2;3;4;4;2;2000;1;2
6462;1;2;4;2;1;2;1;3;2;2;1;2002;1;2
6463;1;1;4;1;1;3;2;2;3;4;2;1995;1;1
6464;1;2;1;2;1;2;1;3;2;4;1;2001;1;2
6465;1;1;2;1;1;1;2;3;2;4;1;1993;1;2
6466;1;1;2;3;2;4;2;1;4;5;1;2000;1;2
6467;1;1;2;1;1;1;1;3;1;1;1;2002;1;2
6471;3;4;4;4;4;4;3;2;3;5;1;1997;1;1
6472;1;1;3;1;1;2;2;1;2;4;1;2002;1;2
6474;1;2;4;2;2;5;2;5;3;3;2;2002;1;2
6475;1;4;4;2;2;2;1;4;3;4;2;2001;1;2
6477;3;1;2;2;1;1;3;4;2;4;2;2002;1;2
6479;1;1;1;2;3;1;2;4;1;3;1;1995;1;2
6480;3;3;4;2;2;3;2;3;3;4;1;2001;1;2
6481;1;4;4;2;2;5;2;5;4;2;1;2001;1;2
6483;1;1;1;2;3;3;1;3;1;2;1;1999;1;2
6484;1;1;1;1;1;2;2;1;1;3;1;2002;1;2
6485;1;1;3;1;1;2;1;1;1;3;1;2003;1;2
6486;2;2;3;2;1;5;2;1;4;4;1;1995;1;2
6487;1;4;4;4;3;5;4;4;4;4;1;1996;1;2
6488;1;1;1;2;2;2;4;4;1;3;1;2002;1;2
6493;1;1;1;1;1;1;1;1;1;1;1;2004;1;2
6499;1;2;2;1;2;3;3;2;3;3;1;1998;1;2
6519;1;4;4;4;4;4;1;4;4;5;2;1995;1;2
6520;1;2;4;1;1;5;2;2;5;4;2;2001;1;2
6522;3;4;4;3;3;3;3;3;4;4;2;2001;1;2
6523;2;2;1;2;2;1;2;5;2;4;1;2001;1;2
6531;2;1;2;2;2;3;2;2;2;4;1;1999;1;2
6533;3;2;4;3;2;5;3;5;4;4;2;2002;1;2
6534;1;5;4;2;5;5;2;5;3;5;2;1995;1;2
6535;2;2;4;2;2;2;2;2;2;2;1;1988;1;1
6549;2;5;4;4;5;5;4;5;5;5;1;1999;1;2
6582;2;2;5;2;2;5;2;5;4;5;2;2002;1;2
6600;1;1;1;1;1;1;1;1;1;1;1;2002;1;2
6604;1;4;4;2;2;2;2;2;3;4;1;2002;1;2
6605;1;3;5;2;2;4;2;1;4;4;2;2002;1;2
6611;1;1;2;2;2;1;3;1;1;2;1;1996;5;2
6612;1;2;2;3;1;5;2;1;3;4;1;2002;1;2
6613;1;3;4;3;2;3;3;1;4;4;1;1997;1;2
6615;1;1;4;1;2;4;4;5;2;3;1;2003;1;2
6670;1;2;4;3;3;5;1;2;4;4;2;2003;1;2
6769;1;4;4;4;4;4;3;5;4;4;2;2002;1;2
7042;1;2;2;1;1;1;3;2;3;5;1;2003;1;2
7090;3;1;2;1;1;1;1;2;1;1;2;2000;1;2
7097;1;1;1;1;1;3;2;1;2;3;1;1999;1;2
7098;1;2;2;2;1;2;3;2;1;4;1;2002;1;2
7100;1;3;4;2;2;2;2;5;2;2;2;2002;1;2
7101;1;1;1;2;1;2;2;2;1;2;1;2001;1;2
7102;1;1;2;1;3;1;2;2;2;3;1;2003;1;2
7103;1;1;3;2;1;3;2;1;4;4;1;2003;1;2
7104;1;2;3;1;3;4;2;1;2;4;1;2002;1;2
7105;1;1;2;1;1;3;2;2;1;4;1;2001;1;2
7106;1;3;4;1;1;4;1;1;3;4;2;2001;1;2
7107;1;1;2;2;2;2;2;2;2;3;1;2003;1;2
7108;1;1;4;1;1;2;2;2;1;2;1;2002;1;2
7109;1;1;3;1;1;2;1;1;2;2;1;2003;1;2
7111;1;2;4;1;2;2;1;1;4;4;2;1998;1;2
7112;1;1;2;1;1;1;2;2;2;4;1;2000;1;2
7113;2;5;1;1;1;1;1;1;2;2;2;2022;1;2
7114;1;2;4;2;2;5;5;1;4;4;1;2002;1;2
7115;1;1;3;2;3;4;2;2;2;4;2;2002;5;1
7116;1;1;4;1;1;1;4;2;2;4;1;2002;1;2
7118;1;1;4;1;1;1;5;1;1;4;1;2003;1;2
7119;1;3;4;2;2;2;1;2;2;4;1;2003;1;2
7121;1;1;2;1;1;5;1;1;4;4;1;2003;1;2
7122;1;1;2;1;1;1;3;4;3;4;1;2003;1;2
7123;1;3;4;2;2;5;1;1;5;5;2;2002;1;2
7124;3;5;5;5;4;4;2;5;5;5;2;2002;1;2
7125;1;3;4;4;2;4;1;3;4;4;2;2003;1;2
7126;2;1;3;1;3;1;2;3;1;4;2;2002;1;2
7127;1;1;4;2;2;2;2;1;3;3;1;2000;1;2
7128;1;1;4;1;1;3;2;1;2;3;2;2004;1;2
7129;1;2;3;2;4;4;1;4;2;2;2;1982;2;1
7130;1;2;4;3;1;4;2;5;2;5;2;2003;1;2
7131;3;1;2;1;1;1;3;4;2;4;1;2002;1;2
7132;2;1;2;1;1;1;2;2;2;3;2;2002;1;1
7133;1;2;4;2;3;4;2;4;4;4;2;2002;1;2
7134;1;2;3;3;3;3;3;3;2;4;2;2002;1;2
7135;2;1;1;1;1;1;1;1;1;4;1;2003;1;2
7136;1;2;2;1;2;2;1;1;2;4;2;2003;1;2
7137;1;1;5;2;4;5;4;1;1;5;1;1999;1;2
7138;1;4;4;2;2;5;2;5;4;4;2;2003;1;2
7139;1;4;4;2;3;3;4;5;4;4;2;2002;1;2
7140;2;1;4;1;3;3;1;1;2;4;1;2002;1;2
7141;1;4;4;4;5;5;2;2;5;5;2;1988;1;2
7142;2;2;3;1;1;4;1;2;2;4;1;2003;1;2
7143;1;2;4;2;2;3;3;2;2;3;1;2003;1;2
7144;1;3;4;3;2;2;3;4;4;4;1;2003;1;2
7146;1;1;2;1;2;2;3;4;1;5;1;2002;1;2
7147;1;1;4;1;1;3;3;1;3;3;1;2004;1;2
7147;1;1;4;1;1;3;3;1;3;3;1;2004;1;2
7148;1;2;4;2;1;2;1;5;2;4;2;2002;1;2
7149;2;2;4;2;2;5;5;1;4;4;1;2003;1;2
7150;1;2;3;2;2;5;3;2;4;3;1;1988;1;1
7151;1;1;3;2;2;3;3;2;2;4;1;1989;1;1
7152;1;2;2;3;2;2;4;5;2;4;1;2000;1;2
7154;2;2;4;2;2;2;2;2;3;3;1;2000;1;2
7155;1;2;3;2;2;3;2;3;2;3;1;2000;2;1
7158;1;1;1;1;1;2;1;1;2;4;2;2003;1;2
7159;1;2;4;2;3;2;2;2;4;3;2;1998;1;2
7160;1;1;3;1;1;1;1;1;2;1;1;1999;1;2
7161;1;4;4;1;2;5;1;1;4;4;1;1998;1;2
7162;1;5;5;3;5;5;2;5;5;4;2;2003;1;2
7163;1;2;1;2;2;1;1;3;1;1;1;2003;1;2
7164;1;1;1;1;3;3;2;2;2;3;1;2022;2;2
7165;1;1;4;2;2;2;2;2;2;4;1;2000;1;2
7166;1;2;2;2;2;4;1;4;3;4;2;2001;1;2
7167;1;1;1;1;1;1;2;4;1;3;1;2001;1;2
7168;1;2;4;3;2;1;2;5;1;4;1;1995;1;2
7169;2;3;2;1;1;5;3;3;2;5;1;2003;1;2
7170;1;1;2;2;2;1;1;1;1;1;1;1995;1;2
7171;1;1;4;2;1;1;2;3;2;4;1;1993;1;2
7172;1;1;1;1;1;1;1;5;2;1;2;2000;1;2
7173;3;2;3;1;1;3;3;4;1;5;1;2001;1;2
7174;1;2;4;3;3;3;3;3;2;4;1;2001;1;2
7175;1;5;5;5;5;5;5;5;4;4;2;2002;1;2
7176;1;2;4;1;1;1;1;3;2;4;2;2000;1;2
7177;1;3;4;2;2;5;2;5;5;5;2;2001;5;1
7178;1;3;4;2;2;1;1;5;2;4;2;1998;1;2
7179;1;1;3;1;1;1;1;3;2;3;2;2004;1;2
7180;3;3;4;2;4;2;1;4;4;3;2;1997;1;2
7181;1;1;1;1;1;1;3;3;1;4;1;1995;1;2
7185;1;3;4;2;2;3;3;4;2;4;1;2003;1;2
7186;1;4;4;4;4;4;3;5;4;4;2;2003;1;2
7187;2;1;4;2;2;5;2;1;4;4;2;2002;1;2
7188;1;1;2;1;1;2;3;2;1;3;1;2003;1;2
7188;1;1;2;1;1;2;3;2;2;3;1;2003;1;2
7190;1;1;1;1;1;1;1;3;1;4;1;2003;1;2
7192;3;3;4;2;3;5;2;2;4;4;2;2003;1;2
7193;1;2;2;1;4;3;1;1;4;4;2;1999;1;2
7194;1;1;2;1;2;2;1;1;2;4;1;2002;1;2
7195;1;3;2;1;2;2;3;1;3;4;1;2002;1;2
7196;1;1;4;2;2;3;2;5;3;5;1;1998;1;2
7198;2;2;3;2;1;5;4;4;3;3;1;2003;1;2
7200;1;1;2;1;1;1;3;4;1;2;2;2000;1;2
7201;1;1;4;1;1;2;1;1;2;2;1;2000;1;2
7202;1;4;5;4;2;5;2;5;4;5;2;1995;1;2
7203;1;2;3;1;2;2;2;3;2;2;1;2001;1;2
7204;3;2;4;2;3;3;1;3;4;4;1;2002;1;2
7205;2;3;4;3;1;4;3;1;4;4;2;2001;1;2
7206;1;1;1;2;3;1;3;4;1;1;1;1999;1;2
7209;1;1;1;1;2;2;2;1;2;4;1;1997;1;2
7211;1;4;4;2;2;2;2;2;2;4;2;1998;1;2
7212;1;3;4;2;4;5;3;5;5;5;2;2003;1;2
7213;1;1;1;2;2;1;3;3;1;4;1;2001;1;2
7214;1;2;2;2;2;4;2;2;4;4;2;2003;1;2
7215;1;4;5;3;3;4;4;5;4;4;1;1984;2;2
7216;2;2;4;2;2;4;4;1;4;4;2;2002;1;2
7217;1;4;5;3;3;3;2;3;4;5;2;1998;1;2
7218;1;1;3;1;4;3;5;5;2;4;1;2001;1;2
7219;1;2;2;2;2;5;5;2;4;4;2;1999;1;2
7220;1;5;5;5;5;5;5;5;5;5;1;2022;1;1
7221;1;4;4;3;3;4;4;3;4;4;2;2003;1;2
7229;1;1;1;1;1;1;2;2;1;4;1;2003;1;2
7234;1;3;4;2;2;5;2;1;3;4;1;2001;1;2
7235;3;1;4;1;1;1;1;1;3;3;2;2003;1;2
7236;1;1;2;1;1;1;1;4;2;4;2;1994;1;2
7237;1;2;5;2;2;5;2;2;4;4;2;2003;1;2
7241;1;5;5;5;5;5;5;5;4;4;1;2002;1;2
7247;1;1;2;1;4;1;1;4;1;1;1;1996;1;2
7248;1;5;5;5;5;5;5;5;5;5;2;2003;1;2
7255;1;1;2;1;1;1;1;1;1;4;1;2022;1;2
